{"cameraMode":{"drawMode":0,"name":"Shaded","section":"Shading Mode"},"sceneLighting":true,"audioPlay":false,"sceneViewState":{"m_AlwaysRefresh":false,"showFog":true,"showSkybox":true,"showFlares":true,"showImageEffects":true,"showParticleSystems":true,"showVisualEffectGraphs":true,"m_FxEnabled":true},"in2DMode":false,"pivot":{"x":-12.307136535644532,"y":-14.763158798217774,"z":65.98814392089844},"rotation":{"x":-0.18576249480247498,"y":0.32659265398979189,"z":-0.06565262377262116,"w":-0.9244624376296997},"size":52.072227478027347,"orthographic":false}